epoch,strategy,sample_count,failed_count,canonical_match,exact_string_match,rdkit_validity,two_attachment_validity
1,identity,1158,39,0.966321243523316,0.966321243523316,0.9732297063903281,0.9723661485319517
1,attachment_rooted_smiles,1158,169,0.8540587219343696,0.0,0.8825561312607945,0.8618307426597582
1,light_denoise,1158,1142,0.013816925734024179,0.012089810017271158,0.2504317789291883,0.19948186528497408
1,direction_flip,1158,1096,0.0535405872193437,0.0,0.37737478411053543,0.12521588946459414
1,rdkit_random_smiles,1158,1080,0.06735751295336788,0.0,0.3791018998272884,0.13903281519861832
2,identity,1158,11,0.9905008635578584,0.9896373056994818,0.9922279792746114,0.9913644214162349
2,attachment_rooted_smiles,1158,86,0.92573402417962,0.0,0.9455958549222798,0.9369602763385146
2,light_denoise,1158,1139,0.016407599309153715,0.01468048359240069,0.21848013816925735,0.18652849740932642
2,direction_flip,1158,1090,0.05872193436960276,0.0,0.5768566493955095,0.08117443868739206
2,rdkit_random_smiles,1158,1081,0.06649395509499137,0.0,0.575993091537133,0.0924006908462867
3,identity,1158,24,0.9792746113989638,0.9784110535405872,0.9810017271157168,0.9810017271157168
3,attachment_rooted_smiles,1158,891,0.23056994818652848,0.10967184801381692,0.43609671848013815,0.42055267702936094
3,light_denoise,1158,1112,0.039723661485319514,0.039723661485319514,0.29447322970639034,0.27461139896373055
3,direction_flip,1158,1088,0.06044905008635579,0.04835924006908463,0.34196891191709844,0.3316062176165803
3,rdkit_random_smiles,1158,1075,0.07167530224525043,0.05958549222797927,0.34110535405872194,0.33074265975820377
4,identity,1158,18,0.9844559585492227,0.9835924006908463,0.9870466321243523,0.9853195164075993
4,attachment_rooted_smiles,1158,828,0.2849740932642487,0.14162348877374784,0.49827288428324695,0.48704663212435234
4,light_denoise,1158,1113,0.038860103626943004,0.037996545768566495,0.2867012089810017,0.26252158894645944
4,direction_flip,1158,1039,0.10276338514680483,0.09067357512953368,0.40932642487046633,0.3998272884283247
4,rdkit_random_smiles,1158,1036,0.10535405872193437,0.09326424870466321,0.38687392055267705,0.3791018998272884
5,identity,1158,30,0.9740932642487047,0.9732297063903281,0.9801381692573402,0.9801381692573402
5,attachment_rooted_smiles,1158,851,0.2651122625215889,0.2003454231433506,0.46718480138169255,0.45077720207253885
5,light_denoise,1158,1076,0.07081174438687392,0.06994818652849741,0.3298791018998273,0.31865284974093266
5,direction_flip,1158,937,0.19084628670120898,0.18221070811744386,0.4740932642487047,0.46718480138169255
5,rdkit_random_smiles,1158,949,0.18048359240069084,0.16839378238341968,0.45768566493955093,0.44905008635578586
6,identity,1158,35,0.9697754749568221,0.9689119170984456,0.9792746113989638,0.9775474956822107
6,attachment_rooted_smiles,1158,834,0.27979274611398963,0.21675302245250433,0.5120898100172712,0.4991364421416235
6,light_denoise,1158,1083,0.06476683937823834,0.06390328151986183,0.3316062176165803,0.30915371329879104
6,direction_flip,1158,889,0.23229706390328153,0.2219343696027634,0.5284974093264249,0.5207253886010362
6,rdkit_random_smiles,1158,896,0.22625215889464595,0.22020725388601037,0.5259067357512953,0.5155440414507773
7,identity,1158,125,0.8920552677029361,0.8920552677029361,0.9335060449050087,0.9317789291882557
7,attachment_rooted_smiles,1158,670,0.4214162348877375,0.40846286701208984,0.6269430051813472,0.6191709844559585
7,light_denoise,1158,910,0.2141623488773748,0.21329879101899826,0.5466321243523317,0.538860103626943
7,direction_flip,1158,853,0.26338514680483593,0.2599309153713299,0.5526770293609672,0.5492227979274611
7,rdkit_random_smiles,1158,868,0.2504317789291883,0.24438687392055267,0.5587219343696027,0.5552677029360967
8,identity,1158,107,0.9075993091537133,0.9058721934369602,0.9447322970639033,0.9438687392055267
8,attachment_rooted_smiles,1158,606,0.47668393782383417,0.46632124352331605,0.657167530224525,0.6528497409326425
8,light_denoise,1158,886,0.23488773747841105,0.23488773747841105,0.538860103626943,0.533678756476684
8,direction_flip,1158,805,0.30483592400690845,0.3005181347150259,0.5846286701208981,0.5777202072538861
8,rdkit_random_smiles,1158,814,0.2970639032815199,0.29360967184801384,0.5708117443868739,0.5621761658031088
9,identity,1158,121,0.8955094991364422,0.8946459412780656,0.9326424870466321,0.9309153713298791
9,attachment_rooted_smiles,1158,577,0.501727115716753,0.49654576856649396,0.696027633851468,0.6934369602763385
9,light_denoise,1158,863,0.2547495682210708,0.2547495682210708,0.5699481865284974,0.5656303972366149
9,direction_flip,1158,800,0.30915371329879104,0.30483592400690845,0.6062176165803109,0.6018998272884283
9,rdkit_random_smiles,1158,796,0.3126079447322971,0.30483592400690845,0.6018998272884283,0.5967184801381693
10,identity,1158,173,0.8506044905008635,0.8497409326424871,0.9136442141623489,0.9119170984455959
10,attachment_rooted_smiles,1158,535,0.5379965457685665,0.533678756476684,0.7253886010362695,0.7236614853195165
10,light_denoise,1158,815,0.29620034542314333,0.29533678756476683,0.6269430051813472,0.6208981001727115
10,direction_flip,1158,748,0.3540587219343696,0.34628670120898103,0.6364421416234888,0.6329879101899827
10,rdkit_random_smiles,1158,774,0.3316062176165803,0.3229706390328152,0.6269430051813472,0.6226252158894646
11,identity,1158,140,0.8791018998272885,0.8782383419689119,0.9317789291882557,0.9291882556131261
11,attachment_rooted_smiles,1158,500,0.5682210708117443,0.5647668393782384,0.7176165803108808,0.7158894645941278
11,light_denoise,1158,776,0.3298791018998273,0.3298791018998273,0.6226252158894646,0.6191709844559585
11,direction_flip,1158,749,0.3531951640759931,0.3471502590673575,0.6113989637305699,0.6053540587219344
11,rdkit_random_smiles,1158,752,0.35060449050086356,0.3436960276338515,0.5975820379965457,0.5924006908462867
12,identity,1158,183,0.8419689119170984,0.8411053540587219,0.9075993091537133,0.9067357512953368
12,attachment_rooted_smiles,1158,502,0.5664939550949913,0.5587219343696027,0.7374784110535406,0.7340241796200345
12,light_denoise,1158,770,0.33506044905008636,0.33506044905008636,0.6545768566493955,0.6485319516407599
12,direction_flip,1158,733,0.36701208981001726,0.3626943005181347,0.6459412780656304,0.6416234887737479
12,rdkit_random_smiles,1158,725,0.37392055267702934,0.3696027633851468,0.6407599309153713,0.6347150259067358
13,identity,1158,220,0.8100172711571675,0.8082901554404145,0.8989637305699482,0.8963730569948186
13,attachment_rooted_smiles,1158,524,0.5474956822107081,0.5440414507772021,0.7443868739205527,0.7426597582037997
13,light_denoise,1158,714,0.38341968911917096,0.38341968911917096,0.6882556131260794,0.6813471502590673
13,direction_flip,1158,737,0.3635578583765112,0.35837651122625214,0.6398963730569949,0.6381692573402418
13,rdkit_random_smiles,1158,727,0.37219343696027635,0.36701208981001726,0.646804835924007,0.6390328151986183
14,identity,1158,198,0.8290155440414507,0.8290155440414507,0.9006908462867013,0.8998272884283247
14,attachment_rooted_smiles,1158,483,0.582901554404145,0.575993091537133,0.7469775474956822,0.7452504317789291
14,light_denoise,1158,703,0.39291882556131263,0.39291882556131263,0.7020725388601037,0.7003454231433506
14,direction_flip,1158,710,0.38687392055267705,0.38255613126079446,0.6744386873920553,0.6727115716753023
14,rdkit_random_smiles,1158,714,0.38341968911917096,0.37737478411053543,0.6545768566493955,0.6502590673575129
15,identity,1158,191,0.8350604490500864,0.8350604490500864,0.9084628670120898,0.9050086355785838
15,attachment_rooted_smiles,1158,479,0.5863557858376511,0.5803108808290155,0.7452504317789291,0.7435233160621761
15,light_denoise,1158,686,0.4075993091537133,0.4075993091537133,0.6917098445595855,0.6865284974093264
15,direction_flip,1158,702,0.39378238341968913,0.38860103626943004,0.6416234887737479,0.6390328151986183
15,rdkit_random_smiles,1158,713,0.3842832469775475,0.3747841105354059,0.6580310880829016,0.6519861830742659
16,identity,1158,201,0.8264248704663213,0.8246977547495682,0.9058721934369602,0.9032815198618307
16,attachment_rooted_smiles,1158,469,0.5949913644214162,0.5863557858376511,0.7495682210708118,0.7469775474956822
16,light_denoise,1158,666,0.42487046632124353,0.4231433506044905,0.697754749568221,0.696027633851468
16,direction_flip,1158,712,0.385146804835924,0.3799654576856649,0.6459412780656304,0.6424870466321243
16,rdkit_random_smiles,1158,727,0.37219343696027635,0.3644214162348877,0.6545768566493955,0.6476683937823834
17,identity,1158,244,0.7892918825561313,0.7884283246977547,0.8799654576856649,0.8791018998272885
17,attachment_rooted_smiles,1158,462,0.6010362694300518,0.5949913644214162,0.7668393782383419,0.7651122625215889
17,light_denoise,1158,654,0.43523316062176165,0.43436960276338515,0.7227979274611399,0.7202072538860104
17,direction_flip,1158,694,0.4006908462867012,0.3920552677029361,0.6597582037996546,0.657167530224525
17,rdkit_random_smiles,1158,712,0.385146804835924,0.3765112262521589,0.6744386873920553,0.6675302245250432
18,identity,1158,219,0.810880829015544,0.809153713298791,0.8989637305699482,0.8972366148531952
18,attachment_rooted_smiles,1158,466,0.5975820379965457,0.5941278065630398,0.7746113989637305,0.7728842832469776
18,light_denoise,1158,691,0.40328151986183075,0.40328151986183075,0.7167530224525043,0.7115716753022453
18,direction_flip,1158,705,0.3911917098445596,0.38255613126079446,0.6787564766839378,0.6727115716753023
18,rdkit_random_smiles,1158,700,0.3955094991364421,0.38860103626943004,0.6727115716753023,0.6649395509499136
19,identity,1158,217,0.812607944732297,0.810880829015544,0.8937823834196891,0.8894645941278065
19,attachment_rooted_smiles,1158,444,0.616580310880829,0.6113989637305699,0.770293609671848,0.7642487046632125
19,light_denoise,1158,674,0.41796200345423146,0.4170984455958549,0.7124352331606217,0.7055267702936097
19,direction_flip,1158,685,0.40846286701208984,0.4006908462867012,0.6640759930915371,0.6597582037996546
19,rdkit_random_smiles,1158,682,0.4110535405872193,0.40846286701208984,0.6787564766839378,0.6718480138169257
20,identity,1158,221,0.809153713298791,0.8082901554404145,0.8920552677029361,0.8903281519861831
20,attachment_rooted_smiles,1158,486,0.5803108808290155,0.575993091537133,0.7556131260794473,0.7538860103626943
20,light_denoise,1158,641,0.4464594127806563,0.4464594127806563,0.7478411053540587,0.7400690846286702
20,direction_flip,1158,694,0.4006908462867012,0.39378238341968913,0.6804835924006909,0.6761658031088082
20,rdkit_random_smiles,1158,697,0.39810017271157166,0.39291882556131263,0.6623488773747841,0.6588946459412781
21,identity,1158,259,0.7763385146804835,0.7754749568221071,0.8687392055267703,0.8670120898100173
21,attachment_rooted_smiles,1158,456,0.6062176165803109,0.6027633851468048,0.7780656303972366,0.7746113989637305
21,light_denoise,1158,629,0.45682210708117443,0.45682210708117443,0.7417962003454232,0.7357512953367875
21,direction_flip,1158,668,0.4231433506044905,0.41882556131260795,0.6787564766839378,0.6753022452504318
21,rdkit_random_smiles,1158,689,0.40500863557858374,0.40328151986183075,0.6822107081174439,0.6804835924006909
22,identity,1158,219,0.810880829015544,0.810880829015544,0.8911917098445595,0.8877374784110535
22,attachment_rooted_smiles,1158,458,0.6044905008635578,0.6001727115716753,0.7806563039723662,0.7780656303972366
22,light_denoise,1158,653,0.43609671848013815,0.43523316062176165,0.7098445595854922,0.7037996545768567
22,direction_flip,1158,680,0.41278065630397237,0.40500863557858374,0.6856649395509499,0.6787564766839378
22,rdkit_random_smiles,1158,703,0.39291882556131263,0.38946459412780654,0.6770293609671848,0.6727115716753023
23,identity,1158,223,0.8074265975820379,0.8065630397236615,0.9006908462867013,0.8989637305699482
23,attachment_rooted_smiles,1158,463,0.6001727115716753,0.5932642487046632,0.7884283246977547,0.7875647668393783
23,light_denoise,1158,646,0.4421416234887737,0.4421416234887737,0.7158894645941278,0.7124352331606217
23,direction_flip,1158,667,0.42400690846286704,0.41796200345423146,0.7089810017271158,0.7072538860103627
23,rdkit_random_smiles,1158,680,0.41278065630397237,0.4075993091537133,0.7063903281519862,0.6968911917098446
24,identity,1158,213,0.8160621761658031,0.8151986183074266,0.9024179620034543,0.9015544041450777
24,attachment_rooted_smiles,1158,445,0.6157167530224525,0.6113989637305699,0.7823834196891192,0.7780656303972366
24,light_denoise,1158,656,0.43350604490500866,0.4326424870466321,0.7305699481865285,0.7262521588946459
24,direction_flip,1158,671,0.42055267702936094,0.4153713298791019,0.6839378238341969,0.6813471502590673
24,rdkit_random_smiles,1158,698,0.39723661485319517,0.39291882556131263,0.6796200345423143,0.6709844559585493
25,identity,1158,207,0.8212435233160622,0.8212435233160622,0.8963730569948186,0.8929188255613126
25,attachment_rooted_smiles,1158,444,0.616580310880829,0.6139896373056994,0.7901554404145078,0.7892918825561313
25,light_denoise,1158,674,0.41796200345423146,0.41796200345423146,0.7202072538860104,0.7176165803108808
25,direction_flip,1158,681,0.4119170984455959,0.40846286701208984,0.6813471502590673,0.6761658031088082
25,rdkit_random_smiles,1158,693,0.4015544041450777,0.39810017271157166,0.6848013816925734,0.6761658031088082
26,identity,1158,217,0.812607944732297,0.8117443868739206,0.8963730569948186,0.8929188255613126
26,attachment_rooted_smiles,1158,439,0.6208981001727115,0.616580310880829,0.7815198618307426,0.7797927461139896
26,light_denoise,1158,640,0.4473229706390328,0.4464594127806563,0.7374784110535406,0.7288428324697754
26,direction_flip,1158,663,0.4274611398963731,0.422279792746114,0.6778929188255614,0.6744386873920553
26,rdkit_random_smiles,1158,683,0.41018998272884283,0.4067357512953368,0.6822107081174439,0.6753022452504318
27,identity,1158,209,0.8195164075993091,0.8177892918825561,0.9050086355785838,0.9032815198618307
27,attachment_rooted_smiles,1158,439,0.6208981001727115,0.6174438687392055,0.8013816925734024,0.7936096718480138
27,light_denoise,1158,607,0.4758203799654577,0.47322970639032813,0.7582037996545768,0.7547495682210709
27,direction_flip,1158,652,0.4369602763385147,0.4326424870466321,0.694300518134715,0.6899827288428325
27,rdkit_random_smiles,1158,659,0.4309153713298791,0.4265975820379965,0.6778929188255614,0.6709844559585493
28,identity,1158,222,0.8082901554404145,0.8074265975820379,0.9110535405872193,0.9084628670120898
28,attachment_rooted_smiles,1158,438,0.6217616580310881,0.6174438687392055,0.8013816925734024,0.7996545768566494
28,light_denoise,1158,637,0.44991364421416236,0.4481865284974093,0.7374784110535406,0.7340241796200345
28,direction_flip,1158,670,0.4214162348877375,0.41882556131260795,0.7176165803108808,0.7141623488773747
28,rdkit_random_smiles,1158,657,0.4326424870466321,0.42918825561312607,0.7210708117443869,0.7150259067357513
29,identity,1158,208,0.8203799654576857,0.8177892918825561,0.9006908462867013,0.8981001727115717
29,attachment_rooted_smiles,1158,453,0.6088082901554405,0.6062176165803109,0.7892918825561313,0.7841105354058722
29,light_denoise,1158,619,0.46545768566493956,0.46545768566493956,0.7521588946459413,0.7495682210708118
29,direction_flip,1158,668,0.4231433506044905,0.41968911917098445,0.690846286701209,0.687392055267703
29,rdkit_random_smiles,1158,679,0.41364421416234887,0.41018998272884283,0.696027633851468,0.690846286701209
30,identity,1158,223,0.8074265975820379,0.8048359240069085,0.8989637305699482,0.8972366148531952
30,attachment_rooted_smiles,1158,441,0.6191709844559585,0.6157167530224525,0.7832469775474957,0.7789291882556131
30,light_denoise,1158,618,0.46632124352331605,0.46286701208981,0.7521588946459413,0.7487046632124352
30,direction_flip,1158,666,0.42487046632124353,0.4214162348877375,0.6865284974093264,0.6804835924006909
30,rdkit_random_smiles,1158,652,0.4369602763385147,0.43436960276338515,0.687392055267703,0.6839378238341969
31,identity,1158,222,0.8082901554404145,0.805699481865285,0.8989637305699482,0.8981001727115717
31,attachment_rooted_smiles,1158,447,0.6139896373056994,0.6105354058721935,0.7979274611398963,0.7953367875647669
31,light_denoise,1158,623,0.4620034542314335,0.46113989637305697,0.7383419689119171,0.7340241796200345
31,direction_flip,1158,666,0.42487046632124353,0.41796200345423146,0.7012089810017271,0.6986183074265976
31,rdkit_random_smiles,1158,668,0.4231433506044905,0.41796200345423146,0.6994818652849741,0.6934369602763385
32,identity,1158,214,0.8151986183074266,0.8134715025906736,0.9041450777202072,0.9024179620034543
32,attachment_rooted_smiles,1158,427,0.6312607944732297,0.6260794473229706,0.7996545768566494,0.7970639032815199
32,light_denoise,1158,610,0.47322970639032813,0.47322970639032813,0.7547495682210709,0.7521588946459413
32,direction_flip,1158,648,0.44041450777202074,0.43609671848013815,0.7063903281519862,0.7037996545768567
32,rdkit_random_smiles,1158,649,0.43955094991364424,0.43436960276338515,0.7020725388601037,0.6968911917098446
33,identity,1158,247,0.7867012089810017,0.7867012089810017,0.886873920552677,0.883419689119171
33,attachment_rooted_smiles,1158,448,0.613126079447323,0.6079447322970639,0.7858376511226253,0.7806563039723662
33,light_denoise,1158,631,0.45509499136442144,0.4533678756476684,0.7478411053540587,0.7426597582037997
33,direction_flip,1158,659,0.4309153713298791,0.42400690846286704,0.6925734024179621,0.6865284974093264
33,rdkit_random_smiles,1158,683,0.41018998272884283,0.40500863557858374,0.6934369602763385,0.6865284974093264
34,identity,1158,218,0.8117443868739206,0.810880829015544,0.9015544041450777,0.8998272884283247
34,attachment_rooted_smiles,1158,440,0.6200345423143351,0.6157167530224525,0.7970639032815199,0.7918825561312608
34,light_denoise,1158,618,0.46632124352331605,0.46459412780656306,0.7478411053540587,0.7435233160621761
34,direction_flip,1158,662,0.4283246977547496,0.42400690846286704,0.7210708117443869,0.7167530224525043
34,rdkit_random_smiles,1158,686,0.4075993091537133,0.4015544041450777,0.7167530224525043,0.7072538860103627
35,identity,1158,234,0.7979274611398963,0.7979274611398963,0.886873920552677,0.8860103626943006
35,attachment_rooted_smiles,1158,438,0.6217616580310881,0.6183074265975821,0.7918825561312608,0.7875647668393783
35,light_denoise,1158,625,0.46027633851468047,0.46027633851468047,0.7409326424870466,0.7331606217616581
35,direction_flip,1158,655,0.43436960276338515,0.4309153713298791,0.7150259067357513,0.7124352331606217
35,rdkit_random_smiles,1158,647,0.44127806563039723,0.4369602763385147,0.7089810017271158,0.6986183074265976
36,identity,1158,229,0.802245250431779,0.8013816925734024,0.9084628670120898,0.9050086355785838
36,attachment_rooted_smiles,1158,452,0.6096718480138169,0.6070811744386874,0.803972366148532,0.7987910189982729
36,light_denoise,1158,601,0.48100172711571676,0.48100172711571676,0.7728842832469776,0.7677029360967185
36,direction_flip,1158,646,0.4421416234887737,0.44041450777202074,0.7245250431778929,0.7210708117443869
36,rdkit_random_smiles,1158,677,0.4153713298791019,0.4119170984455959,0.7046632124352331,0.7012089810017271
37,identity,1158,212,0.8169257340241797,0.8160621761658031,0.8955094991364422,0.8937823834196891
37,attachment_rooted_smiles,1158,436,0.6234887737478411,0.6191709844559585,0.7815198618307426,0.7763385146804835
37,light_denoise,1158,612,0.47150259067357514,0.4697754749568221,0.7530224525043178,0.7469775474956822
37,direction_flip,1158,654,0.43523316062176165,0.4283246977547496,0.7167530224525043,0.7089810017271158
37,rdkit_random_smiles,1158,650,0.4386873920552677,0.43523316062176165,0.6968911917098446,0.6917098445595855
38,identity,1158,207,0.8212435233160622,0.8203799654576857,0.8929188255613126,0.8903281519861831
38,attachment_rooted_smiles,1158,428,0.6303972366148531,0.6234887737478411,0.7901554404145078,0.7884283246977547
38,light_denoise,1158,595,0.48618307426597585,0.4853195164075993,0.7616580310880829,0.7590673575129534
38,direction_flip,1158,639,0.4481865284974093,0.43955094991364424,0.7132987910189983,0.7089810017271158
38,rdkit_random_smiles,1158,630,0.45595854922279794,0.4533678756476684,0.7288428324697754,0.7210708117443869
39,identity,1158,224,0.8065630397236615,0.8065630397236615,0.8981001727115717,0.8955094991364422
39,attachment_rooted_smiles,1158,431,0.6278065630397237,0.6226252158894646,0.7962003454231433,0.7884283246977547
39,light_denoise,1158,612,0.47150259067357514,0.47150259067357514,0.7625215889464594,0.7530224525043178
39,direction_flip,1158,640,0.4473229706390328,0.44127806563039723,0.7184801381692574,0.7072538860103627
39,rdkit_random_smiles,1158,636,0.45077720207253885,0.4464594127806563,0.7322970639032815,0.7236614853195165
40,identity,1158,239,0.7936096718480138,0.7918825561312608,0.8946459412780656,0.8903281519861831
40,attachment_rooted_smiles,1158,417,0.6398963730569949,0.6355785837651122,0.8151986183074266,0.8134715025906736
40,light_denoise,1158,591,0.4896373056994819,0.48877374784110533,0.7780656303972366,0.770293609671848
40,direction_flip,1158,614,0.4697754749568221,0.46286701208981,0.731433506044905,0.7262521588946459
40,rdkit_random_smiles,1158,635,0.45164075993091535,0.44905008635578586,0.729706390328152,0.7253886010362695
