epoch,strategy,full20_canonical_match,full40_canonical_match,delta_full40_minus_full20
1,identity,0.35664939550949915,0.3747841105354059,0.018134715025906745
1,attachment_rooted_smiles,0.1692573402417962,0.17530224525043178,0.0060449050086355816
1,light_denoise,0.1303972366148532,0.14248704663212436,0.012089810017271163
1,direction_flip,0.07512953367875648,0.07340241796200346,-0.0017271157167530193
1,rdkit_random_smiles,0.0768566493955095,0.06735751295336788,-0.00949913644214162
2,identity,0.5354058721934369,0.5483592400690847,0.012953367875647714
2,attachment_rooted_smiles,0.28929188255613125,0.3013816925734024,0.012089810017271163
2,light_denoise,0.20207253886010362,0.22797927461139897,0.025906735751295346
2,direction_flip,0.15025906735751296,0.1459412780656304,-0.004317789291882562
2,rdkit_random_smiles,0.14853195164075994,0.1459412780656304,-0.002590673575129543
3,identity,0.5941278065630398,0.6174438687392055,0.023316062176165775
3,attachment_rooted_smiles,0.38860103626943004,0.3540587219343696,-0.03454231433506044
3,light_denoise,0.26770293609671847,0.26252158894645944,-0.00518134715025903
3,direction_flip,0.20466321243523317,0.20379965457685664,-0.0008635578583765235
3,rdkit_random_smiles,0.19430051813471502,0.1848013816925734,-0.00949913644214162
4,identity,0.6485319516407599,0.6519861830742659,0.003454231433505983
4,attachment_rooted_smiles,0.43436960276338515,0.42055267702936094,-0.01381692573402421
4,light_denoise,0.28756476683937826,0.30483592400690845,0.017271157167530193
4,direction_flip,0.2659758203799655,0.24611398963730569,-0.019861830742659792
4,rdkit_random_smiles,0.23834196891191708,0.22797927461139897,-0.010362694300518116
5,identity,0.6787564766839378,0.687392055267703,0.00863557858376518
5,attachment_rooted_smiles,0.46718480138169255,0.46459412780656306,-0.0025906735751294874
5,light_denoise,0.31519861830742657,0.32728842832469773,0.012089810017271163
5,direction_flip,0.2849740932642487,0.27461139896373055,-0.010362694300518172
5,rdkit_random_smiles,0.2694300518134715,0.2599309153713299,-0.00949913644214162
6,identity,0.7012089810017271,0.7167530224525043,0.015544041450777146
6,attachment_rooted_smiles,0.48704663212435234,0.4913644214162349,0.0043177892918825345
6,light_denoise,0.3626943005181347,0.3626943005181347,0.0
6,direction_flip,0.29533678756476683,0.2910189982728843,-0.0043177892918825345
6,rdkit_random_smiles,0.29015544041450775,0.2979274611398964,0.007772020725388629
7,identity,0.7046632124352331,0.7193436960276338,0.014680483592400706
7,attachment_rooted_smiles,0.5,0.4939550949913644,-0.0060449050086355816
7,light_denoise,0.35664939550949915,0.3687392055267703,0.012089810017271163
7,direction_flip,0.3065630397236615,0.3005181347150259,-0.0060449050086355816
7,rdkit_random_smiles,0.28411053540587217,0.2849740932642487,0.0008635578583765513
8,identity,0.7184801381692574,0.6925734024179621,-0.025906735751295318
8,attachment_rooted_smiles,0.5146804835924007,0.5189982728842832,0.0043177892918825345
8,light_denoise,0.3799654576856649,0.3955094991364421,0.015544041450777202
8,direction_flip,0.33419689119170987,0.3385146804835924,0.0043177892918825345
8,rdkit_random_smiles,0.31088082901554404,0.29360967184801384,-0.017271157167530193
9,identity,0.7029360967184801,0.7115716753022453,0.00863557858376518
9,attachment_rooted_smiles,0.5155440414507773,0.533678756476684,0.01813471502590669
9,light_denoise,0.34024179620034545,0.3791018998272884,0.03886010362694298
9,direction_flip,0.33592400690846286,0.3454231433506045,0.00949913644214162
9,rdkit_random_smiles,0.3221070811744387,0.32556131260794474,0.0034542314335060387
10,identity,0.7271157167530224,0.7245250431778929,-0.002590673575129543
10,attachment_rooted_smiles,0.5500863557858376,0.5397236614853195,-0.010362694300518172
10,light_denoise,0.40500863557858374,0.39810017271157166,-0.006908462867012077
10,direction_flip,0.35233160621761656,0.33678756476683935,-0.015544041450777202
10,rdkit_random_smiles,0.34196891191709844,0.32728842832469773,-0.014680483592400706
11,identity,0.7236614853195165,0.7340241796200345,0.01036269430051806
11,attachment_rooted_smiles,0.542314335060449,0.5544041450777202,0.012089810017271163
11,light_denoise,0.38255613126079446,0.42573402417962003,0.04317789291882557
11,direction_flip,0.35578583765112265,0.35751295336787564,0.0017271157167529916
11,rdkit_random_smiles,0.34628670120898103,0.3626943005181347,0.016407599309153698
12,identity,0.7348877374784111,0.7236614853195165,-0.011226252158894612
12,attachment_rooted_smiles,0.5578583765112263,0.5604490500863558,0.002590673575129543
12,light_denoise,0.4058721934369603,0.4162348877374784,0.010362694300518116
12,direction_flip,0.3592400690846287,0.3471502590673575,-0.012089810017271163
12,rdkit_random_smiles,0.3609671848013817,0.3644214162348877,0.0034542314335060387
13,identity,0.7366148531951641,0.7081174438687392,-0.02849740932642486
13,attachment_rooted_smiles,0.5604490500863558,0.5500863557858376,-0.010362694300518172
13,light_denoise,0.40932642487046633,0.38860103626943004,-0.020725388601036288
13,direction_flip,0.35837651122625214,0.37132987910189985,0.012953367875647714
13,rdkit_random_smiles,0.35233160621761656,0.3531951640759931,0.0008635578583765513
14,identity,0.731433506044905,0.7107081174438687,-0.020725388601036232
14,attachment_rooted_smiles,0.5794473229706391,0.5682210708117443,-0.011226252158894723
14,light_denoise,0.422279792746114,0.41364421416234887,-0.008635578583765124
14,direction_flip,0.3842832469775475,0.3791018998272884,-0.005181347150259086
14,rdkit_random_smiles,0.3842832469775475,0.3687392055267703,-0.015544041450777202
15,identity,0.7331606217616581,0.7176165803108808,-0.015544041450777257
15,attachment_rooted_smiles,0.5785837651122625,0.5492227979274611,-0.029360967184801412
15,light_denoise,0.4162348877374784,0.41450777202072536,-0.001727115716753047
15,direction_flip,0.38341968911917096,0.37132987910189985,-0.012089810017271108
15,rdkit_random_smiles,0.35664939550949915,0.35146804835924006,-0.005181347150259086
16,identity,0.7184801381692574,0.7227979274611399,0.0043177892918825345
16,attachment_rooted_smiles,0.5803108808290155,0.581174438687392,0.0008635578583765513
16,light_denoise,0.38255613126079446,0.43436960276338515,0.05181347150259069
16,direction_flip,0.37737478411053543,0.38687392055267705,0.00949913644214162
16,rdkit_random_smiles,0.37132987910189985,0.38341968911917096,0.012089810017271108
17,identity,0.7202072538860104,0.7253886010362695,0.005181347150259086
17,attachment_rooted_smiles,0.5587219343696027,0.572538860103627,0.013816925734024266
17,light_denoise,0.422279792746114,0.43350604490500866,0.011226252158894667
17,direction_flip,0.39378238341968913,0.4162348877374784,0.02245250431778928
17,rdkit_random_smiles,0.36614853195164077,0.3946459412780656,0.02849740932642486
18,identity,0.7184801381692574,0.7262521588946459,0.007772020725388518
18,attachment_rooted_smiles,0.57426597582038,0.581174438687392,0.006908462867012077
18,light_denoise,0.41968911917098445,0.4421416234887737,0.02245250431778928
18,direction_flip,0.38687392055267705,0.4170984455958549,0.030224525043177852
18,rdkit_random_smiles,0.38255613126079446,0.3911917098445596,0.008635578583765124
19,identity,0.7495682210708118,0.7253886010362695,-0.024179620034542326
19,attachment_rooted_smiles,0.5924006908462867,0.5734024179620034,-0.01899827288428324
19,light_denoise,0.4214162348877375,0.44473229706390327,0.023316062176165775
19,direction_flip,0.40846286701208984,0.3998272884283247,-0.008635578583765124
19,rdkit_random_smiles,0.41364421416234887,0.3911917098445596,-0.02245250431778928
20,identity,0.7271157167530224,0.7357512953367875,0.008635578583765069
20,attachment_rooted_smiles,0.5837651122625216,0.5854922279792746,0.0017271157167529916
20,light_denoise,0.4274611398963731,0.44991364421416236,0.02245250431778928
20,direction_flip,0.40328151986183075,0.38687392055267705,-0.016407599309153698
20,rdkit_random_smiles,0.39810017271157166,0.40328151986183075,0.005181347150259086
21,identity,,0.7322970639032815,
21,attachment_rooted_smiles,,0.5915371329879102,
21,light_denoise,,0.44127806563039723,
21,direction_flip,,0.4006908462867012,
21,rdkit_random_smiles,,0.38773747841105355,
22,identity,,0.7262521588946459,
22,attachment_rooted_smiles,,0.581174438687392,
22,light_denoise,,0.42055267702936094,
22,direction_flip,,0.4006908462867012,
22,rdkit_random_smiles,,0.385146804835924,
23,identity,,0.7141623488773747,
23,attachment_rooted_smiles,,0.6044905008635578,
23,light_denoise,,0.44473229706390327,
23,direction_flip,,0.40846286701208984,
23,rdkit_random_smiles,,0.39810017271157166,
24,identity,,0.7374784110535406,
24,attachment_rooted_smiles,,0.5932642487046632,
24,light_denoise,,0.45768566493955093,
24,direction_flip,,0.41882556131260795,
24,rdkit_random_smiles,,0.4162348877374784,
25,identity,,0.7184801381692574,
25,attachment_rooted_smiles,,0.581174438687392,
25,light_denoise,,0.44041450777202074,
25,direction_flip,,0.40846286701208984,
25,rdkit_random_smiles,,0.42487046632124353,
26,identity,,0.7443868739205527,
26,attachment_rooted_smiles,,0.6096718480138169,
26,light_denoise,,0.4740932642487047,
26,direction_flip,,0.41796200345423146,
26,rdkit_random_smiles,,0.4309153713298791,
27,identity,,0.7184801381692574,
27,attachment_rooted_smiles,,0.5837651122625216,
27,light_denoise,,0.43955094991364424,
27,direction_flip,,0.43350604490500866,
27,rdkit_random_smiles,,0.3946459412780656,
28,identity,,0.7271157167530224,
28,attachment_rooted_smiles,,0.5820379965457686,
28,light_denoise,,0.45509499136442144,
28,direction_flip,,0.43609671848013815,
28,rdkit_random_smiles,,0.41796200345423146,
29,identity,,0.7383419689119171,
29,attachment_rooted_smiles,,0.5880829015544041,
29,light_denoise,,0.45682210708117443,
29,direction_flip,,0.4309153713298791,
29,rdkit_random_smiles,,0.4326424870466321,
30,identity,,0.731433506044905,
30,attachment_rooted_smiles,,0.6062176165803109,
30,light_denoise,,0.44041450777202074,
30,direction_flip,,0.43436960276338515,
30,rdkit_random_smiles,,0.41278065630397237,
31,identity,,0.7383419689119171,
31,attachment_rooted_smiles,,0.5863557858376511,
31,light_denoise,,0.45164075993091535,
31,direction_flip,,0.4170984455958549,
31,rdkit_random_smiles,,0.422279792746114,
32,identity,,0.7176165803108808,
32,attachment_rooted_smiles,,0.5915371329879102,
32,light_denoise,,0.44991364421416236,
32,direction_flip,,0.44127806563039723,
32,rdkit_random_smiles,,0.42400690846286704,
33,identity,,0.7245250431778929,
33,attachment_rooted_smiles,,0.6027633851468048,
33,light_denoise,,0.4473229706390328,
33,direction_flip,,0.43955094991364424,
33,rdkit_random_smiles,,0.43436960276338515,
34,identity,,0.7219343696027634,
34,attachment_rooted_smiles,,0.6010362694300518,
34,light_denoise,,0.4542314335060449,
34,direction_flip,,0.45077720207253885,
34,rdkit_random_smiles,,0.4473229706390328,
35,identity,,0.7115716753022453,
35,attachment_rooted_smiles,,0.5984455958549223,
35,light_denoise,,0.4481865284974093,
35,direction_flip,,0.43955094991364424,
35,rdkit_random_smiles,,0.43609671848013815,
36,identity,,0.729706390328152,
36,attachment_rooted_smiles,,0.6027633851468048,
36,light_denoise,,0.45509499136442144,
36,direction_flip,,0.44473229706390327,
36,rdkit_random_smiles,,0.4309153713298791,
37,identity,,0.7331606217616581,
37,attachment_rooted_smiles,,0.5958549222797928,
37,light_denoise,,0.4542314335060449,
37,direction_flip,,0.4430051813471503,
37,rdkit_random_smiles,,0.4274611398963731,
38,identity,,0.7305699481865285,
38,attachment_rooted_smiles,,0.5803108808290155,
38,light_denoise,,0.4542314335060449,
38,direction_flip,,0.4525043177892919,
38,rdkit_random_smiles,,0.44041450777202074,
39,identity,,0.696027633851468,
39,attachment_rooted_smiles,,0.5872193436960277,
39,light_denoise,,0.44991364421416236,
39,direction_flip,,0.44041450777202074,
39,rdkit_random_smiles,,0.42400690846286704,
40,identity,,0.7409326424870466,
40,attachment_rooted_smiles,,0.6174438687392055,
40,light_denoise,,0.4835924006908463,
40,direction_flip,,0.4533678756476684,
40,rdkit_random_smiles,,0.43436960276338515,
